{"cameraMode":{"drawMode":0,"name":"Shaded","section":"Shading Mode"},"sceneLighting":true,"audioPlay":false,"sceneViewState":{"showFog":true,"showMaterialUpdate":false,"showSkybox":true,"showFlares":true,"showImageEffects":true,"showParticleSystems":true,"showVisualEffectGraphs":true,"m_FxEnabled":true},"in2DMode":false,"pivot":{"x":-144.44497680664063,"y":11.748278617858887,"z":-124.19429016113281},"rotation":{"x":-0.005851886700838804,"y":-0.9063103199005127,"z":-0.01237880252301693,"w":0.4223666191101074},"size":96.48808288574219,"orthographic":false}