{"cameraMode":{"drawMode":0,"name":"Shaded","section":"Shading Mode"},"sceneLighting":true,"audioPlay":false,"sceneViewState":{"showFog":true,"showMaterialUpdate":false,"showSkybox":true,"showFlares":true,"showImageEffects":true,"showParticleSystems":true,"showVisualEffectGraphs":true,"m_FxEnabled":true},"in2DMode":false,"pivot":{"x":3.7366862297058107,"y":-37.524940490722659,"z":-14.324187278747559},"rotation":{"x":0.0046006967313587669,"y":0.8835782408714294,"z":-0.4682389497756958,"w":0.008506170473992825},"size":26.470699310302736,"orthographic":false}