{"cameraMode":{"drawMode":0,"name":"Shaded","section":"Shading Mode"},"sceneLighting":true,"audioPlay":false,"sceneViewState":{"showFog":true,"showMaterialUpdate":false,"showSkybox":true,"showFlares":true,"showImageEffects":true,"showParticleSystems":true,"showVisualEffectGraphs":true,"m_FxEnabled":true},"in2DMode":false,"pivot":{"x":0.45218563079833987,"y":1.5669327974319459,"z":-13.633671760559082},"rotation":{"x":0.0164121612906456,"y":-0.9508919715881348,"z":0.3049467206001282,"w":0.05264875292778015},"size":0.5791915655136108,"orthographic":false}