{"cameraMode":{"drawMode":0,"name":"Shaded","section":"Shading Mode"},"sceneLighting":true,"audioPlay":false,"sceneViewState":{"showFog":true,"showMaterialUpdate":false,"showSkybox":true,"showFlares":true,"showImageEffects":true,"showParticleSystems":true,"showVisualEffectGraphs":true,"m_FxEnabled":true},"in2DMode":false,"pivot":{"x":2.5463881492614748,"y":9.202191352844239,"z":3.0731828212738039},"rotation":{"x":-0.0031991719733923675,"y":-0.9960518479347229,"z":0.0401667021214962,"w":-0.07887966185808182},"size":5.693757057189941,"orthographic":false}