{"cameraMode":{"drawMode":0,"name":"Shaded","section":"Shading Mode"},"sceneLighting":true,"audioPlay":false,"sceneViewState":{"showFog":true,"showMaterialUpdate":false,"showSkybox":true,"showFlares":true,"showImageEffects":true,"showParticleSystems":true,"showVisualEffectGraphs":true,"m_FxEnabled":true},"in2DMode":false,"pivot":{"x":166.72286987304688,"y":-104.26249694824219,"z":367.1080322265625},"rotation":{"x":0.13037432730197907,"y":0.2121560275554657,"z":-0.028371257707476617,"w":0.9682173132896423},"size":208.5074005126953,"orthographic":false}